,name,address,sort,menu,mean_price,score,people_give_score,review_count,review_list,img_food,img_inner
0,제일한우촌,,소고기구이,"황소모듬구이,간장게장정식,한우촌정식",26333,4.25,92,145,게장은 딱 좋았는데 된장찌게가 짜드라구요 반찬이 정갈하고 맛있었어요!/갓지은 밥에 간장게장 환상의 조합!! 맛있게 잘 먹었습니다! :-)/굿/게장이 짜지않아서 좋아요/굿/맛은 있지만 가격만큼은 아니네요/굿/밑반찬이 너무 맛있어요/좋아요,"https://search.pstatic.net/common/?autoRotate=true&quality=95&type=f180_180&src=http%3A%2F%2Fblogfiles.naver.net%2FMjAyMDEyMjhfMTYz%2FMDAxNjA5MTQzMDA5NTIy.nFSVLgjWQPcIUe1aRQ-IUMIFTD95KHKLnyUZjVjMBG4g.td1aCm6NX_D1AHoZODwt_fVm8_2kTSshvVfkIAwXN80g.JPEG.ming_jiii%2Foutput_1632562467.jpg,https://search.pstatic.net/common/?autoRotate=true&quality=95&type=f180_180&src=http%3A%2F%2Fblogfiles.naver.net%2FMjAyMTEyMDZfMjI5%2FMDAxNjM4NzU4NjQ5NjIy.qGTOt5u6CY4En0TDK4sPIqrtzdFafTp93_-dAdG51RYg.bQxO0KfEF1kmvzGsg3zn1OPoVnr9a7z0qn8lD0a0ipUg.JPEG.kehhoi%2FIMG_7637.jpg,https://search.pstatic.net/common/?autoRotate=true&quality=95&type=f180_180&src=http%3A%2F%2Fblogfiles.naver.net%2FMjAyMDEyMjhfMjkx%2FMDAxNjA5MTQzMDEwODY2.nMuT4CDDhebBbcQAvaghKpVF36CduOoqhkBiGohuc2Eg.bdc58BBSuo_fLiYho4graPz_q6bLO6sQ0PMkHdkungYg.JPEG.ming_jiii%2Foutput_3324771159.jpg,https://search.pstatic.net/common/?autoRotate=true&quality=95&type=f180_180&src=http%3A%2F%2Fblogfiles.naver.net%2FMjAyMTAxMjVfMTc1%2FMDAxNjExNTgwNjk0MzA4.BhgIWRN5itOcJPYCFkI1WKwglIyzfc7zl_efj3cfAgsg.CFmkVegx9tOeUYTY6jvOc2CTgmnvSjQTmr5IA42ICOQg.JPEG.maximgood%2FIMG_9222.jpg,https://search.pstatic.net/common/?autoRotate=true&quality=95&type=f180_180&src=http%3A%2F%2Fblogfiles.naver.net%2FMjAyMTEyMDZfMjk2%2FMDAxNjM4NzU4NjQ4MTQ4.Zm7lJaoG8H7n_c-5TS6Np4Om6anERVTomv7WAIGPdMUg.bFsKeM8-r88U2_4l32T9o5ZjfM46SdlIkPB4Qg2a4SEg.JPEG.kehhoi%2FIMG_7626.jpg,https://search.pstatic.net/common/?autoRotate=true&quality=95&type=f180_180&src=http%3A%2F%2Fblogfiles.naver.net%2FMjAxOTA3MTNfMjI4%2FMDAxNTYyOTkwNjU1MzM5.XD7D3LmU8Lzgo6Rmb0b0ahX58pUmSC398bauTPf4fe0g.iybQRlXRrpLrS7BBLpQ3lMBcFs5HQ4z9ZxqxwcuHQkwg.JPEG.dkwlxm77%2F20190713_120644.jpg,https://search.pstatic.net/common/?autoRotate=true&quality=95&type=f180_180&src=http%3A%2F%2Fblogfiles.naver.net%2FMjAyMTEyMDZfMjM3%2FMDAxNjM4NzU4NjQ4Njg2.4dDspcNF9m6fOGh9EMezIZfO0HrCUuxqQdnGX8pCSWEg.V-LmTKJ1DGQlCjW2LQ0sqSp0eJ6IAKirLV6tJ4-3Opkg.JPEG.kehhoi%2FIMG_7631.jpg,https://search.pstatic.net/common/?autoRotate=true&quality=95&type=f180_180&src=http%3A%2F%2Fblogfiles.naver.net%2FMjAyMDA2MTNfMTI0%2FMDAxNTkyMDM2ODA4MTI1.v5CXoI0nJXtL7XFV2MMwsqI0u4oRDIryVY8oaeiBUuwg.TYilYJhN2L5chPD_T5hSBOsU3cFNngKHLj4aqYbeonMg.JPEG.mihyerim%2F1592036807309.jpg,https://search.pstatic.net/common/?autoRotate=true&quality=95&type=f180_180&src=http%3A%2F%2Fblogfiles.naver.net%2FMjAyMTAxMjVfMTUw%2FMDAxNjExNTgwNTg4Mzk4.SIZH1FTeeip6_aJe0tUqD9m9N2b_gCzAp45Ajqy1MJ4g.Y7eaOemUM8fP33So-W7_gjoYWx4t9CnIzoUiM1C5RxEg.JPEG.maximgood%2FIMG_9205.jpg,https://search.pstatic.net/common/?autoRotate=true&quality=95&type=f180_180&src=http%3A%2F%2Fblogfiles.naver.net%2FMjAyMjAzMTRfMjMg%2FMDAxNjQ3MjY1MzU5NzQ2.m2iX4vWQETz6k7xwIwSFvnSEVevrq3YgxDH0eOnMcesg.TP0JN33IamNa19RMpVhBAyo0sOGEFj7-Wm4SYsyTBEYg.JPEG.letscarpartners%2F20220312_170918.jpg,https://search.pstatic.net/common/?autoRotate=true&quality=95&type=f180_180&src=http%3A%2F%2Fblogfiles.naver.net%2FMjAyMDEwMjlfNCAg%2FMDAxNjAzOTYyNzAyNTY5.AfLIsOcgyc_h9vP--cIxiZR_TDipREdjRxQvv3OkYA4g.UFh9JJYURkpAmzOn13RoXcltXwnAM4d1F-moLB4bPDIg.JPEG.mrrezzo%2F20201026%25A3%25DF115256.jpg,https://search.pstatic.net/common/?autoRotate=true&quality=95&type=f180_180&src=http%3A%2F%2Fblogfiles.naver.net%2FMjAyMjAyMjdfMzQg%2FMDAxNjQ1OTI3NjYzODky.S1qO24R-KIe4qnItYxBxcbVMRpt1Km-amP4HT5nYi3Eg.zxoUQS3k4eSEjnPoPLhbTbKLmm3J1BONZnG16rkNyN8g.JPEG.nabarus%2FDSC08936.JPG,https://search.pstatic.net/common/?autoRotate=true&quality=95&type=f180_180&src=http%3A%2F%2Fblogfiles.naver.net%2FMjAyMTA1MTFfMTg5%2FMDAxNjIwNjk1OTc5MjAz.ycNdrYGdOlBnavAgog7YskpP66HMiovmdaQ4dTmCoccg.v1h98GcUKc-YzSj_lhBi0vZeKkiLWv09oyIVHPM_iwIg.JPEG.kibae9592%2FKakaoTalk_20210511_101302309.jpg,https://search.pstatic.net/common/?autoRotate=true&quality=95&type=f180_180&src=http%3A%2F%2Fblogfiles.naver.net%2FMjAyMTA1MTFfMTAg%2FMDAxNjIwNjk2MjAyNjU3.NX03JNz9U1ZN1n6sj_uR0npK_kwurCDC51fKcLlNV9Yg.CbVaY2PO0U4j5u1zRkFJGTlfqVBkkB8TL76XedZUuGwg.JPEG.kibae9592%2FKakaoTalk_20210511_101304764.jpg,https://search.pstatic.net/common/?autoRotate=true&quality=95&type=f180_180&src=http%3A%2F%2Fblogfiles.naver.net%2FMjAyMDEwMjlfMTM1%2FMDAxNjAzOTYyNzA0MjUx._s92FMExlxnaEuIqNV-D-hMRK0DVdLoYOVcLOMM_rp0g.ZrqiJJMS9hMX5uGX7wLM9SoQcJADkjwB_16nio0rgWcg.JPEG.mrrezzo%2F20201026%25A3%25DF173751.jpg,https://search.pstatic.net/common/?autoRotate=true&quality=95&type=f180_180&src=http%3A%2F%2Fblogfiles.naver.net%2FMjAyMTEyMDZfMjU0%2FMDAxNjM4NzYwOTQxMjQ3.ZQvFSgPLX-mvvERONb2j0UAmFEQ5Lf6Ooe56btwu8fYg.QqDng2UpMcwAm2HVpDSeEBQwqB2hghfB8JsSN7HIQbcg.JPEG.kehhoi%2Foutput_3223490409.jpg,https://search.pstatic.net/common/?autoRotate=true&quality=95&type=f180_180&src=http%3A%2F%2Fblogfiles.naver.net%2FMjAyMTAxMjVfMTU3%2FMDAxNjExNTgwNjEwMTYy.OHl3apJZH6wj0evllkOo9npQI7glCwfkF_jroW-uq3Ug.EAZPmIZS4k7YcGf_SKn8lreKuOfnp--vI3HhhsjYaS0g.JPEG.maximgood%2FIMG_9209.jpg,https://search.pstatic.net/common/?autoRotate=true&quality=95&type=f180_180&src=http%3A%2F%2Fblogfiles.naver.net%2FMjAyMTA1MTFfMjYz%2FMDAxNjIwNjk2MDQ1MTY2.fG0k0EyZ6LtJ0w_sKpve7n144XldCHi64b5WF5w1XCYg.c1TiMR_JBBKqKPa-ZBTnoqWBOa-BmCG638UArn5B_Qsg.JPEG.kibae9592%2FKakaoTalk_20210511_101306714.jpg,https://search.pstatic.net/common/?autoRotate=true&quality=95&type=f180_180&src=http%3A%2F%2Fblogfiles.naver.net%2FMjAyMTA3MDZfOTUg%2FMDAxNjI1NTYxMDYzNDAy.b0olYzB0IrmcZju0a0Z4VFq_Po4A9Zam3eAx_Zkyaaog.RqfiabXfqhwP3tq4gxPAzjhGPHus9oZveuDEu5JdB1wg.JPEG.kjhlovemicky%2F1625560899796.jpg,https://search.pstatic.net/common/?autoRotate=true&quality=95&type=f180_180&src=http%3A%2F%2Fblogfiles.naver.net%2FMjAyMTA1MTFfOCAg%2FMDAxNjIwNjk2NTYzOTM5.tCQohTN6YF9Hf4p6wNbcIKEDk38eeJRHzszwHiLVREQg.-IIpv-ye6qyh2IY2T6OjcVB3ntD7-wSIuycJMPlB2bIg.JPEG.kibae9592%2FKakaoTalk_20210511_101305994.jpg,https://search.pstatic.net/common/?autoRotate=true&quality=95&type=f180_180&src=http%3A%2F%2Fblogfiles.naver.net%2FMjAyMTEyMDZfMjc5%2FMDAxNjM4NzYxMTcwODAz.XDGtma8MTpP3kFbHgBGnuL-TgKKWC29P26DbkofvtwYg.4Ui2jpHtBqbWYMhc_pEjw4LmpUpkl5CbL4KkUNYu9LMg.JPEG.kehhoi%2Foutput_2050661912.jpg,https://search.pstatic.net/common/?autoRotate=true&quality=95&type=f180_180&src=http%3A%2F%2Fblogfiles.naver.net%2FMjAyMTA3MDZfMjE0%2FMDAxNjI1NTYxMDY1Mzgy.4R7LK02DaagpaIQHw1Fie5FVG5jhkfliwLvuGhpFadwg.oCyNKtEAsKLNQ6OwQUQyKCjyOd6LRWFDoGBq9J0DiCQg.JPEG.kjhlovemicky%2F1625560928761.jpg,https://search.pstatic.net/common/?autoRotate=true&quality=95&type=f180_180&src=http%3A%2F%2Fblogfiles.naver.net%2FMjAyMTAyMDhfMTI1%2FMDAxNjEyNzg4NzY2MDEx.rOxyMX2q8HQ4fZ7g9wzowJrFH5Uu2taa9aVqrkPOihUg.T5clqdLYntJac0FPrrOVXtLx0kvQ2Sk9jnj3G725vxIg.JPEG.cyh3689%2FIMG_4082.jpeg,https://search.pstatic.net/common/?autoRotate=true&quality=95&type=f180_180&src=http%3A%2F%2Fblogfiles.naver.net%2FMjAxOTA3MTNfODEg%2FMDAxNTYyOTkwNjUyODIy.Z8LytqeljD0h2Mm8ClZQ3IFePfM7LfelwaYLaKbHgZYg.DG3QWMgtpDCKoaeeDclVFMOm1xdad20Up95xJYFAxg8g.JPEG.dkwlxm77%2F1562989831516.jpg,https://search.pstatic.net/common/?autoRotate=true&quality=95&type=f180_180&src=http%3A%2F%2Fblogfiles.naver.net%2FMjAyMDA5MDdfNzEg%2FMDAxNTk5NDA3MTM5NDM3.daIfYUm_ula2YGXcJWPTQzyMFhjZPCBv2vr3TAzxY28g.xMePZdM2Ebmrhm38kna_pgbfBbhlqf1Jk_w4kH8kf88g.JPEG.wjtjal%2FIMG_6077.jpg,https://search.pstatic.net/common/?autoRotate=true&quality=95&type=f180_180&src=http%3A%2F%2Fblogfiles.naver.net%2FMjAyMDA0MTJfMzkg%2FMDAxNTg2Njk0MjY0ODA0.NmWoErUmyxGgftchYkN2R65XUE_m-9uUucTK5I8cqJwg.6VjCspfX5ZIxAXvm5zea6AD8z5U0Ye08SLmuPJ36Ks8g.JPEG.atom1478%2FIMG_3905.JPG,https://search.pstatic.net/common/?autoRotate=true&quality=95&type=f180_180&src=http%3A%2F%2Fblogfiles.naver.net%2FMjAyMDA0MTJfMjIy%2FMDAxNTg2Njk0MjYyODIy.-O_Q04uY8Fj91VYvh8iw4kib0Nu-Gibrwy3e6zFZRbgg.Iyiq9363sDnLSCOdr3XxEOtYqU5Ina0JF001aw56BRgg.JPEG.atom1478%2FIMG_3901.JPG,https://search.pstatic.net/common/?autoRotate=true&quality=95&type=f180_180&src=http%3A%2F%2Fblogfiles.naver.net%2FMjAyMTA1MTFfMjk5%2FMDAxNjIwNjk1ODM5NDk1.agM4IpDKnSB7-8uIPCfTgbynV96v8U4p97u69O306Rsg.HmIbusz4BUjKs5tvAnepCCzivxaJbOUv9SnH8nyxuusg.JPEG.kibae9592%2FKakaoTalk_20210511_101259008.jpg,https://search.pstatic.net/common/?autoRotate=true&quality=95&type=f180_180&src=http%3A%2F%2Fblogfiles.naver.net%2FMjAxOTA4MjNfNTIg%2FMDAxNTY2NTMzNjYxMjQw._mZvD93ywoLBtX6TS68CcQEPEMBtgjHeEcUr1Yq93mog.KF-AVV0nYFfoFB0IQ4h-ltgm36AvVhEUsq_N60dty9Ug.JPEG.gisman83%2F20190819_190352.jpg,https://search.pstatic.net/common/?autoRotate=true&quality=95&type=f180_180&src=http%3A%2F%2Fblogfiles.naver.net%2FMjAyMTA3MDZfMzQg%2FMDAxNjI1NTYxMDY0MTU4.WcL7KBgbq13_MJ3G9oHw6yhu6qocc_rI_zOkafAxVggg.75xNWnxWvYYL04QwDxf7KumX7bCgebZ0hD9Fyoj75tUg.JPEG.kjhlovemicky%2F1625560910949.jpg","https://search.pstatic.net/common/?autoRotate=true&quality=95&type=f180_180&src=http%3A%2F%2Fblogfiles.naver.net%2FMjAyMDExMjdfMjU5%2FMDAxNjA2NDAzMjU3NjUy.HvvdaXdGGMoYt0RqeJVeULAfotmwMoDrd82JyjjV6V4g.vRoYt7jMLnahzeywt_Ma5Vg-_1vxSp8f4ZUAfm2joVIg.JPEG.riokim%2F1604652905488.jpg,https://search.pstatic.net/common/?autoRotate=true&quality=95&type=f180_180&src=http%3A%2F%2Fblogfiles.naver.net%2FMjAyMTA1MTFfMjU3%2FMDAxNjIwNjk1ODQ4ODAx.rvPATutTdHN7qMr3cNLAAt7KVnY8hLKBL0pOMFV9Vkog.o9jSSpHqMbpdZYnaTsIEXhZyRNYFUYbglFR_RDjnJnwg.JPEG.kibae9592%2FKakaoTalk_20210511_101309974.jpg,https://search.pstatic.net/common/?autoRotate=true&quality=95&type=f180_180&src=http%3A%2F%2Fblogfiles.naver.net%2FMjAyMDA5MDdfMjAx%2FMDAxNTk5NDA2ODQxMzEx.qaPitfHX6XBcD5vjKW432UfW_tG6HHV71hEvA4kbAY0g.m_fJqxYISYDtXgVZotpm2wt3apSgVdZKzz3OinU4uO4g.JPEG.wjtjal%2FIMG_6073.jpg,https://search.pstatic.net/common/?autoRotate=true&quality=95&type=f180_180&src=http%3A%2F%2Fblogfiles.naver.net%2FMjAyMTEyMjlfNjkg%2FMDAxNjQwNzA2MTM3NDkz.z-cYruiFDBsHD5Jp04Ir2P5ZCyVP_6WP_1WKmGHWalkg.GdIJOyCa-oy2EinJHqbi1ZwaAvo5Zv4BjsyUNzBEhEIg.JPEG.soonjong18357%2F20211228_193829.jpg,https://search.pstatic.net/common/?autoRotate=true&quality=95&type=f180_180&src=http%3A%2F%2Fblogfiles.naver.net%2FMjAyMTEyMjlfMTc4%2FMDAxNjQwNzA2MTM3NDI4.1yOQr3I6c5XHKgONdLkGqBlKaATvqtyj7IbZnMQkuccg.zK_jmn-OvxAILJ9E7jVnpM4nQoBYMybLUIu6kdfLixcg.JPEG.soonjong18357%2F20211228_193821.jpg,https://search.pstatic.net/common/?autoRotate=true&quality=95&type=f180_180&src=http%3A%2F%2Fblogfiles.naver.net%2FMjAyMTA1MTFfNzAg%2FMDAxNjIwNjk1ODUwMzY4.Mb9-VNTeypAVm-8PI9i--DadbU2eDfFDgNM3blrMhQAg.4ZQJzcWlCjNHNTKSbWjRDg56nmbPtTmL5tOBHhLOGxEg.JPEG.kibae9592%2FKakaoTalk_20210511_101309353.jpg,https://search.pstatic.net/common/?autoRotate=true&quality=95&type=f180_180&src=http%3A%2F%2Fblogfiles.naver.net%2FMjAyMTEyMjlfMjgy%2FMDAxNjQwNzA2MTM3NTg2.8FLzwlhN6e8jpnXeZBIbBCL-OQ-vv6URkr0xcyqEMbAg.Iua7Gx2YZn2DPfQsK3VYt1NffOyPG6FgFy6abkU9bfAg.JPEG.soonjong18357%2F20211228_193846.jpg,https://search.pstatic.net/common/?autoRotate=true&quality=95&type=f180_180&src=http%3A%2F%2Fblogfiles.naver.net%2FMjAyMDEwMjlfMTM5%2FMDAxNjAzOTYyNjk4MDcz.wV-16A-PegO7dYYUNDwf46OvXEDgMJPNcvbMp5nuwvog.ymdJbe3-XcwRN3eyl3L3ClNhViiyvrKQWvoHeLz-230g.JPEG.mrrezzo%2F20201026%25A3%25DF112632.jpg,https://search.pstatic.net/common/?autoRotate=true&quality=95&type=f180_180&src=http%3A%2F%2Fblogfiles.naver.net%2FMjAyMTEyMDZfMjgz%2FMDAxNjM4NzU4NjQ3MTU3.Vrem_1mctDyY3zV8nCQid4e4Ea3Ii_7K-yrQlhwP4AMg.FM5KS5L4fndesqmjFIonUIOMTZNk2c4-43Z655J7GBcg.JPEG.kehhoi%2FIMG_7618.jpg,https://search.pstatic.net/common/?autoRotate=true&quality=95&type=f180_180&src=http%3A%2F%2Fblogfiles.naver.net%2FMjAyMDA5MDdfODAg%2FMDAxNTk5NDA2ODQxNTMw.uryDS9RWGG_IIAcw_J9BBz4_U7Nwex-1xzQXaAMaYmQg.9v_Ba5BILoLTzgWgW72Z7V8pfJZcsFpDBzbmMV1vlLkg.JPEG.wjtjal%2FIMG_6075.jpg,https://search.pstatic.net/common/?autoRotate=true&quality=95&type=f180_180&src=http%3A%2F%2Fblogfiles.naver.net%2FMjAyMjAyMjdfMTk1%2FMDAxNjQ1OTI3NjU0MzMw.cm56FTL1I6Iik7HnU7EIpLs3rg_pTBy9DM1FIa_pFmwg.MMvnQVUs1-CliZx8pbASH4LGsWS1pp1F04jgsIEw9QYg.JPEG.nabarus%2FDSC08931.JPG,https://search.pstatic.net/common/?autoRotate=true&quality=95&type=f180_180&src=http%3A%2F%2Fblogfiles.naver.net%2FMjAyMTA3MDZfMjQ5%2FMDAxNjI1NTYxMDcyMTU3.1Up76Jpj_JV7JScWPJ29nzj7DTwd8pEe9Wm4pUzubO4g.C7Y7fCo8lTU7bWgv3CMGKrOvyGAofJWKtpjyHTXHHrcg.JPEG.kjhlovemicky%2F1625560988512.jpg"
1,구월산,,"곰탕,설렁탕",,0,4.5,15,19,좋아요/#송정역 #김포공항 #도가니탕 #꼬리곰탕 #우족탕 #맛최고!/맛나요..꼬리곰탕요.양두많구요/굿~~^^=,"https://search.pstatic.net/common/?autoRotate=true&quality=95&type=f180_180&src=http%3A%2F%2Fblogfiles.naver.net%2FMjAxNzA0MjhfMTM3%2FMDAxNDkzMzY3NTM5ODUw.S3AQPr3WvEtVj8gOmNjfm_EVO_KttwIdS3Sc59aLQ3Ug.hy0GQQmaKMKCCHMYe6t5_HxOuT7f_Yw2RY7Uko_vHbwg.JPEG.jwww5%2FIMG_6777.JPG,https://search.pstatic.net/common/?autoRotate=true&quality=95&type=f180_180&src=http%3A%2F%2Fblogfiles.naver.net%2F20140926_254%2Fymbspooh_141171816864523ALP_JPEG%2F%25B1%25B8%25BF%25F9%25BB%25EA%2528%25B2%25BF%25B8%25AE%25B0%25F5%25C5%25C1%252C_%25B0%25AD%25BC%25AD%25B1%25B8%252902.jpg,https://search.pstatic.net/common/?autoRotate=true&quality=95&type=f180_180&src=http%3A%2F%2Fblogfiles.naver.net%2FMjAxNzA0MjhfMjMy%2FMDAxNDkzMzY3MzY2NTAy.AucHB9iv2A4K8Kk4sVDCTGulmfdhZ2LfabrLIn9zd_Ug.QiWKGWKHoTUJc4_Cj_VQ2oG40jW22hOtW2ssDSj9oSMg.JPEG.jwww5%2FIMG_6774.JPG,https://search.pstatic.net/common/?autoRotate=true&quality=95&type=f180_180&src=http%3A%2F%2Fblogfiles.naver.net%2F20140926_61%2Fymbspooh_1411718167968LVGO1_JPEG%2F%25B1%25B8%25BF%25F9%25BB%25EA%2528%25B2%25BF%25B8%25AE%25B0%25F5%25C5%25C1%252C_%25B0%25AD%25BC%25AD%25B1%25B8%252907.jpg,https://search.pstatic.net/common/?autoRotate=true&quality=95&type=f180_180&src=http%3A%2F%2Fblogfiles.naver.net%2F20140926_196%2Fymbspooh_14117181684155dmce_JPEG%2F%25B1%25B8%25BF%25F9%25BB%25EA%2528%25B2%25BF%25B8%25AE%25B0%25F5%25C5%25C1%252C_%25B0%25AD%25BC%25AD%25B1%25B8%252905.jpg,https://search.pstatic.net/common/?autoRotate=true&quality=95&type=f180_180&src=http%3A%2F%2Fblogfiles.naver.net%2F20140926_249%2Fymbspooh_1411718168830N3Ux3_JPEG%2F%25B1%25B8%25BF%25F9%25BB%25EA%2528%25B2%25BF%25B8%25AE%25B0%25F5%25C5%25C1%252C_%25B0%25AD%25BC%25AD%25B1%25B8%252903.jpg,https://search.pstatic.net/common/?autoRotate=true&quality=95&type=f180_180&src=http%3A%2F%2Fblogfiles.naver.net%2F20140926_11%2Fymbspooh_1411718168181yNQqJ_JPEG%2F%25B1%25B8%25BF%25F9%25BB%25EA%2528%25B2%25BF%25B8%25AE%25B0%25F5%25C5%25C1%252C_%25B0%25AD%25BC%25AD%25B1%25B8%252908.jpg,https://search.pstatic.net/common/?autoRotate=true&quality=95&type=f180_180&src=http%3A%2F%2Fblogfiles.naver.net%2FMjAxNzA0MjhfMTUg%2FMDAxNDkzMzY3NDYwNTQz.t4GTotnn-NDfVer1EBJwYBKumAeR47MMzvw5tgM-oo0g.ufLMIBb8oGxu1xodQC5aSp46U96PwNU5Q2LY_OK4yCQg.JPEG.jwww5%2FIMG_6773.JPG,https://search.pstatic.net/common/?autoRotate=true&quality=95&type=f180_180&src=http%3A%2F%2Fblogfiles.naver.net%2F20140926_19%2Fymbspooh_1411718169247mSbEJ_JPEG%2F%25B1%25B8%25BF%25F9%25BB%25EA%2528%25B2%25BF%25B8%25AE%25B0%25F5%25C5%25C1%252C_%25B0%25AD%25BC%25AD%25B1%25B8%2529.jpg,https://search.pstatic.net/common/?autoRotate=true&quality=95&type=f180_180&src=http%3A%2F%2Fblogfiles.naver.net%2F20140926_52%2Fymbspooh_1411718167737eCxS9_JPEG%2F%25B1%25B8%25BF%25F9%25BB%25EA%2528%25B2%25BF%25B8%25AE%25B0%25F5%25C5%25C1%252C_%25B0%25AD%25BC%25AD%25B1%25B8%252906.jpg",
2,명동찌개마을 개화점,,"찌개,전골","양푼 돼지김치찌개(중),양푼 동태탕(중),닭 한마리 김치찌개,매운 갈비찜,오징어숙회,뚝배기 김치찌개,알탕,계란말이,자연산백고동",11444,4.2,46,68,"친절하시고 화장실이나 기타등 다 깨끗하지만, 돼지김치찌개 고기잡내가 너무 심하고 김치가 너무 쉬어서 밸런스가 잘 안맞는.../굿/굿~~ 식당안에 제비집도 있고 맛은 엄청납니다./좋아요/좋아요/좋아요/좋앙ᆢ/././굿","https://search.pstatic.net/common/?autoRotate=true&quality=95&type=f180_180&src=http%3A%2F%2Fblogfiles.naver.net%2F20160816_206%2Fmjganja4884_1471327506496knFgQ_JPEG%2Fimage_3316912761471327180411.jpg,https://search.pstatic.net/common/?autoRotate=true&quality=95&type=f180_180&src=http%3A%2F%2Fblogfiles.naver.net%2F20160816_198%2Fmjganja4884_1471327525105cO6nM_JPEG%2Fimage_4354783981471327180413.jpg,https://search.pstatic.net/common/?autoRotate=true&quality=95&type=f180_180&src=http%3A%2F%2Fblogfiles.naver.net%2F20160816_179%2Fmjganja4884_1471327532265O5IHW_JPEG%2Fimage_1999126761471327180414.jpg,https://search.pstatic.net/common/?autoRotate=true&quality=95&type=f180_180&src=http%3A%2F%2Fblogfiles.naver.net%2F20160816_161%2Fmjganja4884_14713275274557333f_JPEG%2Fimage_946003231471327180414.jpg,https://search.pstatic.net/common/?autoRotate=true&quality=95&type=f180_180&src=https%3A%2F%2Fldb-phinf.pstatic.net%2F20160618_196%2F14662406855431Pas9_JPEG%2Fd49e5083-db50-4f1e-8ea1-50957983bea6.jpeg,https://search.pstatic.net/common/?autoRotate=true&quality=95&type=f180_180&src=https%3A%2F%2Fldb-phinf.pstatic.net%2F20160618_48%2F1466240685390R0fXg_JPEG%2Fced41a25-9e7c-4c41-8ef8-a164963a1673.jpeg,https://search.pstatic.net/common/?autoRotate=true&quality=95&type=f180_180&src=http%3A%2F%2Fblogfiles.naver.net%2F20160816_112%2Fmjganja4884_1471327543945VTshM_JPEG%2Fimage_9137012341471327180415.jpg,https://search.pstatic.net/common/?autoRotate=true&quality=95&type=f180_180&src=http%3A%2F%2Fblogfiles.naver.net%2F20160816_23%2Fmjganja4884_1471327515524ci06t_JPEG%2Fimage_8264126841471327180413.jpg,https://search.pstatic.net/common/?autoRotate=true&quality=95&type=f180_180&src=http%3A%2F%2Fblogfiles.naver.net%2F20160816_155%2Fmjganja4884_147132753462214BAi_JPEG%2Fimage_2503137051471327180414.jpg,https://search.pstatic.net/common/?autoRotate=true&quality=95&type=f180_180&src=http%3A%2F%2Fblogfiles.naver.net%2F20160816_214%2Fmjganja4884_1471327536776wdvOm_JPEG%2Fimage_1443890341471327180414.jpg,https://search.pstatic.net/common/?autoRotate=true&quality=95&type=f180_180&src=https%3A%2F%2Fldb-phinf.pstatic.net%2F20160618_68%2F1466240685854DwloG_JPEG%2F56b8fbd7-9cf1-44ef-b0ef-f0336b915ad5.jpeg,https://search.pstatic.net/common/?autoRotate=true&quality=95&type=f180_180&src=http%3A%2F%2Fblogfiles.naver.net%2F20160816_240%2Fmjganja4884_1471327522761zloRH_JPEG%2Fimage_5560067671471327180413.jpg,https://search.pstatic.net/common/?autoRotate=true&quality=95&type=f180_180&src=https%3A%2F%2Fldb-phinf.pstatic.net%2F20160618_226%2F1466240686100on6KW_JPEG%2F3469f46f-6ae7-43d3-b062-e1054246d131.jpeg,https://search.pstatic.net/common/?autoRotate=true&quality=95&type=f180_180&src=http%3A%2F%2Fblogfiles.naver.net%2F20160816_195%2Fmjganja4884_1471327547517NVVd0_JPEG%2Fimage_7952363091471327180415.jpg,https://search.pstatic.net/common/?autoRotate=true&quality=95&type=f180_180&src=https%3A%2F%2Fldb-phinf.pstatic.net%2F20160618_28%2F1466240685801odw5K_JPEG%2F675f2ba8-1959-4d49-99d2-b06c353551f5.jpeg,https://search.pstatic.net/common/?autoRotate=true&quality=95&type=f180_180&src=http%3A%2F%2Fblogfiles.naver.net%2F20160816_208%2Fmjganja4884_1471327529716GyllX_JPEG%2Fimage_3190415421471327180414.jpg,https://search.pstatic.net/common/?autoRotate=true&quality=95&type=f180_180&src=http%3A%2F%2Fblogfiles.naver.net%2F20160816_165%2Fmjganja4884_1471327513292yfc2O_JPEG%2Fimage_8765640311471327180412.jpg,https://search.pstatic.net/common/?autoRotate=true&quality=95&type=f180_180&src=http%3A%2F%2Fblogfiles.naver.net%2F20160816_142%2Fmjganja4884_14713275178713xDRE_JPEG%2Fimage_3572349651471327180413.jpg,https://search.pstatic.net/common/?autoRotate=true&quality=95&type=f180_180&src=http%3A%2F%2Fblogfiles.naver.net%2F20160816_212%2Fmjganja4884_1471327539257gjGJL_JPEG%2Fimage_6489588281471327180415.jpg,https://search.pstatic.net/common/?autoRotate=true&quality=95&type=f180_180&src=https%3A%2F%2Fldb-phinf.pstatic.net%2F20160618_259%2F1466240685473HKORg_JPEG%2F04150c7b-6854-46fc-8349-f7816109fe91.jpeg,https://search.pstatic.net/common/?autoRotate=true&quality=95&type=f180_180&src=https%3A%2F%2Fldb-phinf.pstatic.net%2F20160618_299%2F1466240685298yLYRx_JPEG%2F2765219e-5e3f-46fa-a761-3728a6f776d9.jpeg,https://search.pstatic.net/common/?autoRotate=true&quality=95&type=f180_180&src=http%3A%2F%2Fblogfiles.naver.net%2F20160816_247%2Fmjganja4884_1471327520442FnGgl_JPEG%2Fimage_3459318711471327180413.jpg",
3,카페센,,"카페,디저트","에스프레소/아메리카노,카푸치노/카페라떼,바닐라라떼/카라멜라떼,카라멜마끼아또/카페모카,아포가토/사케라또,녹차라떼/고구마라떼/오곡라떼,흑임자라떼,시그니처딸기라떼,선셋티,팥빙수,블루베리/커피빙수,컵빙수,크로플,오란다강정,크로크무슈",4486,4.34,15,16,로투스 라떼 진짜 맛있어요!! 😭 매장이 깨끗하고 예뻐서 앉아서 마시고 싶었는데 망할 코로나!! 담번에 또 방문할게요 사장님~~/#개화역카페 #카페센# 자몽티# 크로크무슈 #수제청카페 사장님이 직접 담근 수제청자몽티 진짜 맛있네요!생강청도 맛있다는데 꼭 한번 먹어야겠어요:)/딸기라떼 너무 맛있어요..,"https://search.pstatic.net/common/?autoRotate=true&quality=95&type=f180_180&src=https%3A%2F%2Fldb-phinf.pstatic.net%2F20201109_145%2F1604905234366PvEtw_JPEG%2FzEeV_xBQz99RjP1E4HH4Whh-.jpeg.jpg,https://search.pstatic.net/common/?autoRotate=true&quality=95&type=f180_180&src=https%3A%2F%2Fldb-phinf.pstatic.net%2F20211021_296%2F1634797458069HPkgJ_JPEG%2F-MnWf-8J8oJA090PCGg2Sp3A.jpg,https://search.pstatic.net/common/?autoRotate=true&quality=95&type=f180_180&src=https%3A%2F%2Fldb-phinf.pstatic.net%2F20211021_45%2F16347974218156sTCG_JPEG%2FcwdPhFIXCnNvCjftcN-5C5FL.jpg,https://search.pstatic.net/common/?autoRotate=true&quality=95&type=f180_180&src=https%3A%2F%2Fldb-phinf.pstatic.net%2F20200928_152%2F1601269672500gMHq3_JPEG%2F-tX4rohafo0tk8TzO-Gf1xJ6.jpeg.jpg,https://search.pstatic.net/common/?autoRotate=true&quality=95&type=f180_180&src=https%3A%2F%2Fldb-phinf.pstatic.net%2F20201109_38%2F1604905301576uEgyj_JPEG%2FADVZKHZ8ZTH18QvyuF47-sEv.jpeg.jpg,https://search.pstatic.net/common/?autoRotate=true&quality=95&type=f180_180&src=https%3A%2F%2Fldb-phinf.pstatic.net%2F20200928_46%2F1601274026319VxLIG_JPEG%2F0VBdGKdugbkptX6LYO5A766c.jpeg.jpg,https://search.pstatic.net/common/?autoRotate=true&quality=95&type=f180_180&src=https%3A%2F%2Fldb-phinf.pstatic.net%2F20200928_92%2F1601271371587NM4Ku_JPEG%2FzELE0HsC9foIp190kghaXrEZ.jpeg.jpg,https://search.pstatic.net/common/?autoRotate=true&quality=95&type=f180_180&src=https%3A%2F%2Fldb-phinf.pstatic.net%2F20200928_40%2F1601274014134Tqq0w_JPEG%2FumL10b8X9nkBYxviu8p3-UFX.jpeg.jpg,https://search.pstatic.net/common/?autoRotate=true&quality=95&type=f180_180&src=https%3A%2F%2Fldb-phinf.pstatic.net%2F20200928_120%2F16012740345348grSh_JPEG%2Fl36exz-BWzmu91rpadrZCBzv.jpeg.jpg,https://search.pstatic.net/common/?autoRotate=true&quality=95&type=f180_180&src=https%3A%2F%2Fldb-phinf.pstatic.net%2F20200928_72%2F1601266034768rQHLe_JPEG%2Fdcv7CMptfCI9eOJnoXs4o5T8.jpeg.jpg,https://search.pstatic.net/common/?autoRotate=true&quality=95&type=f180_180&src=https%3A%2F%2Fldb-phinf.pstatic.net%2F20200928_226%2F1601269833925z5Ydg_JPEG%2FVGRMOad0LjwhIKY7eAxHDDiw.jpeg.jpg,https://search.pstatic.net/common/?autoRotate=true&quality=95&type=f180_180&src=https%3A%2F%2Fldb-phinf.pstatic.net%2F20200928_126%2F1601266044338hxS3A_JPEG%2FWZjEu7y0uUldP0XNE5sCJ5Nq.jpeg.jpg,https://search.pstatic.net/common/?autoRotate=true&quality=95&type=f180_180&src=https%3A%2F%2Fldb-phinf.pstatic.net%2F20200928_177%2F1601274001198875Q0_JPEG%2FmV6o571XSH7OLFqc36znOdym.jpeg.jpg,https://search.pstatic.net/common/?autoRotate=true&quality=95&type=f180_180&src=https%3A%2F%2Fldb-phinf.pstatic.net%2F20201109_62%2F1604905284449pTVs2_JPEG%2FneVlM3exAIZcRFvRJ7evHFRc.jpeg.jpg,https://search.pstatic.net/common/?autoRotate=true&quality=95&type=f180_180&src=https%3A%2F%2Fldb-phinf.pstatic.net%2F20200928_139%2F1601274105554u4fs1_JPEG%2F96fXNeNv_sxG6AwRlHnenhS5.jpeg.jpg,https://search.pstatic.net/common/?autoRotate=true&quality=95&type=f180_180&src=https%3A%2F%2Fldb-phinf.pstatic.net%2F20200928_134%2F1601266051890Qy1aI_JPEG%2F6FeAKPqcvzi5egv4lsHys7Su.jpeg.jpg,https://search.pstatic.net/common/?autoRotate=true&quality=95&type=f180_180&src=https%3A%2F%2Fldb-phinf.pstatic.net%2F20200928_71%2F1601271356263maOnM_JPEG%2F7c14Vh3M4P5LriJRmmIm9awy.jpeg.jpg,https://search.pstatic.net/common/?autoRotate=true&quality=95&type=f180_180&src=https%3A%2F%2Fldb-phinf.pstatic.net%2F20200928_165%2F1601269681448mvcx5_JPEG%2F_QlQhsS3xNCwp6u1Qo8Buk9p.jpeg.jpg","https://search.pstatic.net/common/?autoRotate=true&quality=95&type=f180_180&src=https%3A%2F%2Fldb-phinf.pstatic.net%2F20211021_294%2F1634797490492Jt6Xe_JPEG%2FCu2bIhgr90D4vpmqz5xzvAn4.jpg,https://search.pstatic.net/common/?autoRotate=true&quality=95&type=f180_180&src=https%3A%2F%2Fldb-phinf.pstatic.net%2F20200924_36%2F1600941750857vxmYv_JPEG%2FxLn7zeZl_kGZgEddw_TwYEhg.jpeg.jpg,https://search.pstatic.net/common/?autoRotate=true&quality=95&type=f180_180&src=https%3A%2F%2Fldb-phinf.pstatic.net%2F20211021_4%2F1634797531391lGbMl_JPEG%2FQA1IfAaAztVPBlWdB_y_Lvz9.jpg"
4,바사삭치킨,,"치킨,닭강정","바사삭 치킨 한마리,왕새우튀김,종합감자튀김,한치,먹태",10000,4.34,27,45,가성비 좋은치킨집 입니다. 항상 친절하시고 맛이 있어요~^^/다시 먹어봤는데 역시 후라이드 맛집입니다. 후라이드 강추~~^^/바삭하고 가격도 착하고 맛있어요! 자주 갈 듯 합니다/주문 즉시 튀겨주셔서 바삭하고 가격도 포장가격 만원으로 한 끼하기 좋아요!!!! 동네 치킨 맛집이에용🤤😳/후라이드가 맛있어서 간장도 포장해봤는데 역시 맛나네요!! 사장님도 친절하시고 가성비가 좋은 치킨집이네요!/대표 메뉴 후라이드 맛 짱입니다요..^^/후라이드 너무 맛있게 잘 먹었습니다. 사장님도 친절하시고 다음에 또 찾게될 맛입니다../골뱅이 새콤달콤 맛있네요 다음에는 치킨을 먹어야겠어요/가성비 좋은 맛집!/좋아요,"https://search.pstatic.net/common/?autoRotate=true&quality=95&type=f180_180&src=http%3A%2F%2Fblogfiles.naver.net%2FMjAxNzEwMzFfMzgg%2FMDAxNTA5Mzc2MDAyMjEx.Gopwu3MstoxXhacpYbUJ7hIP_qkC0_5Zwu4ye0S6ncUg.NgUDHD5rp1-gmyKytdCNa2VE9KLUiyp2wRIcdilVlbUg.JPEG.jangeunkim%2F%25B0%25F8%25C7%25D7%25B5%25BF_%25B9%25D9%25BB%25E7%25BB%25E8_%25C4%25A1%25C5%25B2008.JPG,https://search.pstatic.net/common/?autoRotate=true&quality=95&type=f180_180&src=http%3A%2F%2Fblogfiles.naver.net%2FMjAxODA1MDFfMjU1%2FMDAxNTI1MTY2NDI1NjE4.sySKYzSZuyqKZgUmhY5NMb2yGTg09q-E-jNOXCyj9a8g.Z55xsEgtwI-gqdIKM2qK6nfEYsC78yqyvljDx8oBehUg.JPEG.itsyoudesign%2F%25B0%25F8%25C7%25D7%25BD%25C3%25C0%25E5%25BF%25AA%25B9%25D9%25BB%25E7%25BB%25E8%25C4%25A1%25C5%25B212.jpg,https://search.pstatic.net/common/?autoRotate=true&quality=95&type=f180_180&src=http%3A%2F%2Fblogfiles.naver.net%2FMjAxNzEwMzFfMjI1%2FMDAxNTA5Mzc2MDAxNjUw.tbqHqQZABnsSUUKD7CpanlmL8CLgM7lRT5wBxVgcMT4g.X_fcZwhOo9XkEVDcXSVoq07pI8kxm58CXs2C4UPXMqwg.JPEG.jangeunkim%2F%25B0%25F8%25C7%25D7%25B5%25BF_%25B9%25D9%25BB%25E7%25BB%25E8_%25C4%25A1%25C5%25B2003.JPG,https://search.pstatic.net/common/?autoRotate=true&quality=95&type=f180_180&src=http%3A%2F%2Fblogfiles.naver.net%2FMjAxNzEwMzFfMjIy%2FMDAxNTA5Mzc2MDAzMjY4.Ro--DhiixIfb8-cBa1JABYaPvw7ND4gzi8m7sxA_fpcg.ZZKPmFCMwr8146qrZG8VtMLie_dYy-VdL-hXO7IHsw0g.JPEG.jangeunkim%2F%25B0%25F8%25C7%25D7%25B5%25BF_%25B9%25D9%25BB%25E7%25BB%25E8_%25C4%25A1%25C5%25B2010.JPG,https://search.pstatic.net/common/?autoRotate=true&quality=95&type=f180_180&src=http%3A%2F%2Fblogfiles.naver.net%2FMjAxNzEwMzFfOTIg%2FMDAxNTA5Mzc2MDAzOTM3.xjdrkW02Q4Pq2G5ABzCGvImGPzPo9SK-cbg3-OJWBVUg.UGt3nCkuaibJCFF8dksvuGcN45pDCiC9XNUQjJIunMgg.JPEG.jangeunkim%2F%25B0%25F8%25C7%25D7%25B5%25BF_%25B9%25D9%25BB%25E7%25BB%25E8_%25C4%25A1%25C5%25B2014.JPG,https://search.pstatic.net/common/?autoRotate=true&quality=95&type=f180_180&src=http%3A%2F%2Fblogfiles.naver.net%2FMjAxNzEwMzFfMTY1%2FMDAxNTA5Mzc2MDAxNzA3.jS5rQySX4YFMzgDu6q4UhMAib6_6vA34U4sg0dExlo0g.LAtxnHMpK2Nicp7bOQBXYW4YmMuq-XckSFBo9vBvS_cg.JPEG.jangeunkim%2F%25B0%25F8%25C7%25D7%25B5%25BF_%25B9%25D9%25BB%25E7%25BB%25E8_%25C4%25A1%25C5%25B2001.JPG,https://search.pstatic.net/common/?autoRotate=true&quality=95&type=f180_180&src=http%3A%2F%2Fblogfiles.naver.net%2FMjAxNzEwMzFfMTQ4%2FMDAxNTA5Mzc2MDA2OTI2.0cDqYb-5AlohjndINvMF9KgQ75y1ATokhX-dZVGru_og.gsjHfp5BiFKw7AzRK2LzQ8g0ewlQx2iSPjOYHmoJGD8g.JPEG.jangeunkim%2F%25B9%25E6%25C8%25AD%25B5%25BF_%25B9%25D9%25BB%25E7%25BB%25E8_%25C4%25A1%25C5%25B2002.JPG,https://search.pstatic.net/common/?autoRotate=true&quality=95&type=f180_180&src=http%3A%2F%2Fblogfiles.naver.net%2FMjAxNzEwMzFfMjE4%2FMDAxNTA5Mzc2MDAyOTg5.DBspWv4v3Iszzt4Gh66XsiIC5l_U4-9Be0RqfIdWSKMg.4TEVr0IvYdd9qkpFxxtevM7C5ouA9-TPK0_wg1s4RfEg.JPEG.jangeunkim%2F%25B0%25F8%25C7%25D7%25B5%25BF_%25B9%25D9%25BB%25E7%25BB%25E8_%25C4%25A1%25C5%25B2009.JPG,https://search.pstatic.net/common/?autoRotate=true&quality=95&type=f180_180&src=http%3A%2F%2Fblogfiles.naver.net%2FMjAxODA1MDFfMjk4%2FMDAxNTI1MTY1NjcwNzQ5.S9KPo_Za3OIiN_gbT-sES-BufZk0zCHIOeGeJKvEhZog.cpIhcv4LgxENW6OMAVLAQ4q9onCVSnGR-V7-EGqmudIg.JPEG.itsyoudesign%2F%25B0%25F8%25C7%25D7%25BD%25C3%25C0%25E5%25BF%25AA%25B9%25D9%25BB%25E7%25BB%25E8%25C4%25A1%25C5%25B26.jpg,https://search.pstatic.net/common/?autoRotate=true&quality=95&type=f180_180&src=http%3A%2F%2Fblogfiles.naver.net%2FMjAxODA1MDFfMTMy%2FMDAxNTI1MTY2NDUxMzQx.h6BO9aOKViUNSAr-m-9C8ecQ6WmqRtLOirIcTsT-4AQg.PA_Wau0NZcMYrLROEt2GOJpkn_uz5nXWKQWZN8jYpQcg.JPEG.itsyoudesign%2F%25B0%25F8%25C7%25D7%25BD%25C3%25C0%25E5%25BF%25AA%25B9%25D9%25BB%25E7%25BB%25E8%25C4%25A1%25C5%25B213.jpg,https://search.pstatic.net/common/?autoRotate=true&quality=95&type=f180_180&src=http%3A%2F%2Fblogfiles.naver.net%2FMjAxODA1MDFfMTQw%2FMDAxNTI1MTY2NDkzMjk2.RXiZpnnPEITOLbevfBqyxI1PhBBgOkufVs9T6-YGMmsg.Gl-REUMMidUxEovtKiva-j68UKwolrp5A4iYKN2i-5Ig.JPEG.itsyoudesign%2F%25B0%25F8%25C7%25D7%25BD%25C3%25C0%25E5%25BF%25AA%25B9%25D9%25BB%25E7%25BB%25E8%25C4%25A1%25C5%25B214.jpg,https://search.pstatic.net/common/?autoRotate=true&quality=95&type=f180_180&src=http%3A%2F%2Fblogfiles.naver.net%2FMjAxODA1MDFfMTcy%2FMDAxNTI1MTY2MzI3NjA0.yq493BeLU2OkTtXzqh2Ljsh9g7x2b9475pRiiw2BGVEg.173UJIztLUKEhHhgKqLquKi21k_UjeIXf_bPLqZXyQog.JPEG.itsyoudesign%2F%25B0%25F8%25C7%25D7%25BD%25C3%25C0%25E5%25BF%25AA%25B9%25D9%25BB%25E7%25BB%25E8%25C4%25A1%25C5%25B29.jpg,https://search.pstatic.net/common/?autoRotate=true&quality=95&type=f180_180&src=http%3A%2F%2Fblogfiles.naver.net%2FMjAxNzEwMzFfNjEg%2FMDAxNTA5Mzc2MDA2Nzg2.sBcKkoo18en8wBo3gKr6rGiDVeLUkLGNwgZSeLvOwK4g.8c3uu5NbSuLq6zn8dAHXJnzwM8K-LiJfPKNTXHZC8Ngg.JPEG.jangeunkim%2F%25B9%25E6%25C8%25AD%25B5%25BF_%25B9%25D9%25BB%25E7%25BB%25E8_%25C4%25A1%25C5%25B2005.JPG,https://search.pstatic.net/common/?autoRotate=true&quality=95&type=f180_180&src=http%3A%2F%2Fblogfiles.naver.net%2FMjAxODA1MDFfMTMw%2FMDAxNTI1MTY1NjM0ODk3.JEvbQUq6sQ_TwQueYgDt5r7a2xCDRDe8FhQ7WZAvA1Qg.2BtPjnUsV_LyssdlLKP8Vh37f8YMzMBFO44wGrMLIWEg.JPEG.itsyoudesign%2F%25B0%25F8%25C7%25D7%25BD%25C3%25C0%25E5%25BF%25AA%25B9%25D9%25BB%25E7%25BB%25E8%25C4%25A1%25C5%25B28.jpg,https://search.pstatic.net/common/?autoRotate=true&quality=95&type=f180_180&src=http%3A%2F%2Fblogfiles.naver.net%2FMjAxNzEwMzFfMjcw%2FMDAxNTA5Mzc2MDAxNzI2.8-1jSMsVzvJkg0jObI2Fdj7S00vUu0Ybo60T_y-uVVEg.2LY9ukT_1WDYoss0IzQyTwoBPcVCoKdE1X3lC_IBDW8g.JPEG.jangeunkim%2F%25B0%25F8%25C7%25D7%25B5%25BF_%25B9%25D9%25BB%25E7%25BB%25E8_%25C4%25A1%25C5%25B2006.JPG,https://search.pstatic.net/common/?autoRotate=true&quality=95&type=f180_180&src=http%3A%2F%2Fblogfiles.naver.net%2FMjAxNzEwMzFfMTQ4%2FMDAxNTA5Mzc2MDA2ODgy.f2rNvUmasA_-gzrpASlOKiIZOSb_B86qPtiQPQ4jM3Ug.dSWNCmgaBXJTAgh-KypmStRU9hB5Q2Z6duPtyBFRe-0g.JPEG.jangeunkim%2F%25B9%25E6%25C8%25AD%25B5%25BF_%25B9%25D9%25BB%25E7%25BB%25E8_%25C4%25A1%25C5%25B2003.JPG,https://search.pstatic.net/common/?autoRotate=true&quality=95&type=f180_180&src=http%3A%2F%2Fblogfiles.naver.net%2FMjAxNzEwMzFfMjM1%2FMDAxNTA5Mzc2MDA0NTA4.eyw2BX_o1l8SOBup6yglM4ugp59my7Sk1jOYFx6R8xkg.3eHjl5MmRYM6L61lkdqLOZe4RtlpjT2cY5iCFJ7y7-Ug.JPEG.jangeunkim%2F%25B0%25F8%25C7%25D7%25B5%25BF_%25B9%25D9%25BB%25E7%25BB%25E8_%25C4%25A1%25C5%25B2021.JPG,https://search.pstatic.net/common/?autoRotate=true&quality=95&type=f180_180&src=http%3A%2F%2Fblogfiles.naver.net%2FMjAxNzEwMzFfMjQz%2FMDAxNTA5Mzc2MDA2NzQy.5b9y60SWYwNPOYY1coYvBdSb87kTpl-lVu-QP6UQF0kg.nkIjfXhRBxjPd4rDZKcEAo8HcWMY-tW1-9fY0K77ECAg.JPEG.jangeunkim%2F%25B9%25E6%25C8%25AD%25B5%25BF_%25B9%25D9%25BB%25E7%25BB%25E8_%25C4%25A1%25C5%25B2001.JPG,https://search.pstatic.net/common/?autoRotate=true&quality=95&type=f180_180&src=http%3A%2F%2Fblogfiles.naver.net%2FMjAxODA1MDFfMTM2%2FMDAxNTI1MTY2MzI3NjA1.UYVk5HAisetb3qCzFWMiPvVqKOc83SRsi9Y7mRsNn7cg._yemDFaA6xjBc1p6HlqkXgxm0omcjv9SaAWJdBriL9Mg.JPEG.itsyoudesign%2F%25B0%25F8%25C7%25D7%25BD%25C3%25C0%25E5%25BF%25AA%25B9%25D9%25BB%25E7%25BB%25E8%25C4%25A1%25C5%25B210.jpg,https://search.pstatic.net/common/?autoRotate=true&quality=95&type=f180_180&src=http%3A%2F%2Fblogfiles.naver.net%2FMjAxNzEwMzFfMjIw%2FMDAxNTA5Mzc1OTgxNDQz.xDrK31Hj0L7PvOWr0SWyqwuSK6k5ef1KTzbxhXnxT3kg.kY245NhnSKWiVXUvj3IZkdMn0OfOUlVmXi_xeevpJrIg.JPEG.jangeunkim%2FIMG_2090.JPG,https://search.pstatic.net/common/?autoRotate=true&quality=95&type=f180_180&src=http%3A%2F%2Fblogfiles.naver.net%2FMjAxODA1MDFfMjQ1%2FMDAxNTI1MTY2NDA3NzMx.XuIpv7uHYDNFaPj0fXScrctg1Tnc010tgpnnBzEs32cg.c9n5csg-1aklp4ycw9FyB9LbtG9ZhpXRHOeUc5oZp9Eg.JPEG.itsyoudesign%2F%25B0%25F8%25C7%25D7%25BD%25C3%25C0%25E5%25BF%25AA%25B9%25D9%25BB%25E7%25BB%25E8%25C4%25A1%25C5%25B211.jpg,https://search.pstatic.net/common/?autoRotate=true&quality=95&type=f180_180&src=http%3A%2F%2Fblogfiles.naver.net%2FMjAxNzEwMzFfMTIz%2FMDAxNTA5Mzc2MDAxNzk3.oiXpxtNt5onMPLsNDFB7cfde_4Z9-TjFf_A_qARODcYg.kZsRQ-zner6svc3ALa1_no2er-6dpHn-15z25g2b9UUg.JPEG.jangeunkim%2F%25B0%25F8%25C7%25D7%25B5%25BF_%25B9%25D9%25BB%25E7%25BB%25E8_%25C4%25A1%25C5%25B2005.JPG,https://search.pstatic.net/common/?autoRotate=true&quality=95&type=f180_180&src=http%3A%2F%2Fblogfiles.naver.net%2FMjAxNzEwMzFfMjIw%2FMDAxNTA5Mzc2MDA0NDE2.ZD36CokweapDThXCAF6kiJqCDlmKNzngP6i1RJb1jrUg.YNMdcNKj5NjnwtTVPRczzN0LeFWEQKJq5kv4fGfrv0Ug.JPEG.jangeunkim%2F%25B0%25F8%25C7%25D7%25B5%25BF_%25B9%25D9%25BB%25E7%25BB%25E8_%25C4%25A1%25C5%25B2018.JPG,https://search.pstatic.net/common/?autoRotate=true&quality=95&type=f180_180&src=http%3A%2F%2Fblogfiles.naver.net%2FMjAxNzEwMzFfOTAg%2FMDAxNTA5Mzc2MDAzNDMy.u_lbGVXJ3FcnxVX-1sMUspPIIMcl2t35vt0WT9_nmv8g.uv3II56fANW054_e43G8QrE9Fi5u8wjfz-NoAgkhddMg.JPEG.jangeunkim%2F%25B0%25F8%25C7%25D7%25B5%25BF_%25B9%25D9%25BB%25E7%25BB%25E8_%25C4%25A1%25C5%25B2011.JPG,https://search.pstatic.net/common/?autoRotate=true&quality=95&type=f180_180&src=http%3A%2F%2Fblogfiles.naver.net%2FMjAxODA1MDFfMjM1%2FMDAxNTI1MTY1NzI5ODcw.1RGF0wNTKeEvwYahH5U4CvYGa9BVXMicl6RcS6CBe60g.4eLN5gLrcXpLciPbTM93KW0vjYo0zg1AO5O3Uc-tgGQg.JPEG.itsyoudesign%2F%25B0%25F8%25C7%25D7%25BD%25C3%25C0%25E5%25BF%25AA%25B9%25D9%25BB%25E7%25BB%25E8%25C4%25A1%25C5%25B27.jpg,https://search.pstatic.net/common/?autoRotate=true&quality=95&type=f180_180&src=http%3A%2F%2Fblogfiles.naver.net%2FMjAxNzEwMzFfMTI4%2FMDAxNTA5Mzc2MDA0OTI1.HiNSwBCynC7oxOIITEvSDaZR3s5BDXyiPBfuzMRj2mQg.K-yIpox5soqBnJdOADUBNdoRZdMNF4JZRKAzph2fqgkg.JPEG.jangeunkim%2F%25B0%25F8%25C7%25D7%25B5%25BF_%25B9%25D9%25BB%25E7%25BB%25E8_%25C4%25A1%25C5%25B2022.JPG,https://search.pstatic.net/common/?autoRotate=true&quality=95&type=f180_180&src=http%3A%2F%2Fblogfiles.naver.net%2FMjAxNzEwMzFfMTU1%2FMDAxNTA5Mzc2MDA0MjY1.L572bpquAXAkoZHWqAP-tvKiFac9wJY7nU8HiJNoHHkg.CdMw_lI8t3XxjnGK_0VPcX-rX8m9rDeN0mRrqpNNHkYg.JPEG.jangeunkim%2F%25B0%25F8%25C7%25D7%25B5%25BF_%25B9%25D9%25BB%25E7%25BB%25E8_%25C4%25A1%25C5%25B2017.JPG,https://search.pstatic.net/common/?autoRotate=true&quality=95&type=f180_180&src=http%3A%2F%2Fblogfiles.naver.net%2FMjAxNzEwMzFfMTcg%2FMDAxNTA5Mzc2MDAzODgz.rure3sjWoEWh_UHXnxbSfXSAUUrCCwY7iTZqoiAvHIIg.BIeX5iKXMW3je2VFzgxf7IujfKrx_rwpyXOHf3k0zMkg.JPEG.jangeunkim%2F%25B0%25F8%25C7%25D7%25B5%25BF_%25B9%25D9%25BB%25E7%25BB%25E8_%25C4%25A1%25C5%25B2015.JPG,https://search.pstatic.net/common/?autoRotate=true&quality=95&type=f180_180&src=http%3A%2F%2Fblogfiles.naver.net%2FMjAxODA1MDFfMTMx%2FMDAxNTI1MTY2NjExMDU1.VAIvipK4YtgDpexpCY6i9VfpHUFDWL7tHonWLwp7CKkg.NcdIQQO9uKbKsUIsog0TYIErpuv39Q4F5nBsoOxUH-Qg.JPEG.itsyoudesign%2F%25B0%25F8%25C7%25D7%25BD%25C3%25C0%25E5%25BF%25AA%25B9%25D9%25BB%25E7%25BB%25E8%25C4%25A1%25C5%25B215.jpg,https://search.pstatic.net/common/?autoRotate=true&quality=95&type=f180_180&src=http%3A%2F%2Fblogfiles.naver.net%2FMjAxNzEwMzFfMjYg%2FMDAxNTA5Mzc2MDA2OTIz.7-tnQqL-6nl-fCQ4whHDuMyP8j-0tECHyonOJJ-t1Hsg.WYBRjq70S4yTPcePFO57uoii-JsoWYKD2EOjjGEQaFog.JPEG.jangeunkim%2F%25B9%25E6%25C8%25AD%25B5%25BF_%25B9%25D9%25BB%25E7%25BB%25E8_%25C4%25A1%25C5%25B2004.JPG",
5,망고식스 서울개화점,,"과일,주스전문점",,0,4.43,14,22,바이크타고 지나가다가 급들린 망고식스!굿굿/새로오픈했어요...좋아요 ㅎㅎ,,
6,칸토빈,,테이크아웃커피,아메리카노,2500,0,표기 안함,5,굿굿,,
7,칸토커피,,"카페,디저트",,0,4.45,17,31,"커피하고 베이글 맛있게 먹고 갑니다~/버스 기다리며 시간보내고 갑니다/👍/굿/좋아요/좋아요/조아요/음~향좋구,맛도좋아요","https://search.pstatic.net/common/?autoRotate=true&quality=95&type=f180_180&src=http%3A%2F%2Fblogfiles.naver.net%2FMjAyMjAzMDJfMjAg%2FMDAxNjQ2MTc5MjkxMzY1.3G4c-fPZqYLba2uozArj9ZQ-RWlZqWvir3NL3lwQ4qIg.ImIxtHz3eoRCBv509WatZi4v2IpPz8Bc0URZC44tTtYg.JPEG.gowmfsjt89%2FKakaoTalk_20220228_132841855.jpg,https://search.pstatic.net/common/?autoRotate=true&quality=95&type=f180_180&src=http%3A%2F%2Fblogfiles.naver.net%2FMjAyMjAyMDhfMzIg%2FMDAxNjQ0Mjc4NDc5OTQ2.T6TRhkg3AH6Hxk4A5opGc0HJuMcA2s0lbBwqzoVW3Ykg.LuNiL5W-xu-uBiuU0ttGckFf4z_ilhXj1thXOw08UGMg.JPEG.gowmfsjt89%2FKakaoTalk_20220207_131819260_05.jpg,https://search.pstatic.net/common/?autoRotate=true&quality=95&type=f180_180&src=http%3A%2F%2Fblogfiles.naver.net%2FMjAyMjAzMDJfMyAg%2FMDAxNjQ2MTc5Njg2MjI4.8LvCGV3IpF5RVHQSdjST9phCzp1k5vBIWcRYt-SotCwg.A9qOCZ6bDkE8kp6jqCz3hwTWU1MtBvMMAwq8eqyoEucg.JPEG.gowmfsjt89%2FKakaoTalk_20220227_095726988_02.jpg",https://search.pstatic.net/common/?autoRotate=true&quality=95&type=f180_180&src=http%3A%2F%2Fblogfiles.naver.net%2FMjAyMjAyMDhfMjA1%2FMDAxNjQ0Mjc4NTM4NzQx.3tvvg_9arPP0hubxxvCu98QWWHfETw9rp5QKy94LQjQg.yl_gC83eS44NZIKa4LUlfTPOoWU1CxNN60DpqkOfeE8g.JPEG.gowmfsjt89%2FKakaoTalk_20220207_131819260_06.jpg
8,스페셜티스,,카페,,0,0,표기 안함,2,,"https://search.pstatic.net/common/?autoRotate=true&quality=95&type=f180_180&src=http%3A%2F%2Fblogfiles.naver.net%2FMjAxOTA1MTBfMTkx%2FMDAxNTU3NDc1NzY3ODI3.WbxHA9NQO8Eai-1qw3aB1x-9CaWhEiG8F9BPrKJ2yucg.5xdEVIhyDSTXpUDwujQ85hVJKAJj8nwRwwOBiL2iNa4g.JPEG.okclick22%2FKakaoTalk_20190510_170102316.jpg,https://search.pstatic.net/common/?autoRotate=true&quality=95&type=f180_180&src=https%3A%2F%2Fldb-phinf.pstatic.net%2F20150901_3%2F1441038639322RmWKX_JPEG%2F126578515042920_5.jpg,https://search.pstatic.net/common/?autoRotate=true&quality=95&type=f180_180&src=http%3A%2F%2Fblogfiles.naver.net%2FMjAxOTA1MTBfMjI2%2FMDAxNTU3NDc1Nzc1NzYw.j_OW3rqab10qLLPRnoTwE0IDl_SEmqymyyt6kHduu3Yg.fqOLO7iZ4zwJaLfgLZHTiKHNs7qcyUd0XPTQPjFUoW4g.JPEG.okclick22%2FKakaoTalk_20190510_170103025.jpg,https://search.pstatic.net/common/?autoRotate=true&quality=95&type=f180_180&src=http%3A%2F%2Fblogfiles.naver.net%2FMjAxOTA1MTBfMTI3%2FMDAxNTU3NDc1NzcxNTk3.6gE8KmuDJoV7jt1qhM43hPoN1gOjxkVdmMAusTQraA8g.BJlEVphWKLO2EMPnUUNjxVVMbrbCKepVV9SfM6WQy6Yg.JPEG.okclick22%2FKakaoTalk_20190510_170102656.jpg,https://search.pstatic.net/common/?autoRotate=true&quality=95&type=f180_180&src=http%3A%2F%2Fblogfiles.naver.net%2FMjAxOTA1MTBfMTcx%2FMDAxNTU3NDc1NzUxMDM5.epmVI4jKhSrp80wwvtDqB0tANL6wkZv1xCMeia-G-bAg.5kdjDoIJoMzRpPpM3swgZ5oGHi9qHT70eem5DqgRreQg.JPEG.okclick22%2FKakaoTalk_20190510_170103452.jpg","https://search.pstatic.net/common/?autoRotate=true&quality=95&type=f180_180&src=https%3A%2F%2Fldb-phinf.pstatic.net%2F20150901_192%2F1441038638245T8FEt_JPEG%2F126578515042920_0.jpg,https://search.pstatic.net/common/?autoRotate=true&quality=95&type=f180_180&src=http%3A%2F%2Fblogfiles.naver.net%2FMjAxOTA1MTBfMTEy%2FMDAxNTU3NDc1NzQ0NTc5.WRZfcRq-g6ckWLGlVy3XPqkZB4CXI57ZCBPoNtK8KuMg.LEVyzpHrStsJrStjhQF3WyKctwl8UxE5mmx_IJffRcog.JPEG.okclick22%2FKakaoTalk_20190510_170103919.jpg,https://search.pstatic.net/common/?autoRotate=true&quality=95&type=f180_180&src=http%3A%2F%2Fblogfiles.naver.net%2F20140807_92%2Fksygu_1407417029684klT5O_JPEG%2FIMG_1367.JPG,https://search.pstatic.net/common/?autoRotate=true&quality=95&type=f180_180&src=http%3A%2F%2Fblogfiles.naver.net%2F20140807_162%2Fksygu_1407417027303vueAa_JPEG%2FIMG_1366.JPG,https://search.pstatic.net/common/?autoRotate=true&quality=95&type=f180_180&src=https%3A%2F%2Fldb-phinf.pstatic.net%2F20150901_67%2F144103863848365Q0f_JPEG%2F126578515042920_1.jpg,https://search.pstatic.net/common/?autoRotate=true&quality=95&type=f180_180&src=https%3A%2F%2Fldb-phinf.pstatic.net%2F20150901_112%2F1441038639530Fu6uQ_JPEG%2F126578515042920_6.jpg"
